,comment
0,"Register for binance here and get 5% off trading fees for life: https://www.binance.com/en/register?ref=OH2JYEOZ

Thanks for watching and let me know if you have questions"
1,"I just bought for 0,5 bnb 4945820000 SAT but in my trust wallet it shows Â«Â 4,94xxxÂ Â», like I just bought 4 tokens. Can you explain me please ? Thanks"
2,"$YEET is 2.5 days old, 11k holders already, 8 mil market cap, rugproof; contract renounced. Bonfire had 10k holders in 3 days. Yeet made 10k holders in 48 hours. $YEET will moon, you heard it here first."
3,Yeet token is massively charged to be the next Safemoon. My favourite pick so far.
4,"Yeet currently is doing good so far, 3 days and 11k holders, 8 MILLION MC!! RENOUNCED AND FULLY LOCKED LP WITH NO DEV WALLET! THE DEV BOUGHT AFTER THE PRESALE TOO!!"
5,"$YEET is 2.5 days old, 11k holders already, 8 mil market cap, rugproof; contract renounced. Bonfire had 10k holders in 3 days. Yeet made 10k holders in 48 hours. $YEET will moon, you heard it here first. Buy it on Poocoin through BNB now!! Get your 100x Profit!"
6,"$YEET is 2.5 days old, 11k holders already, 8 mil market cap, rugproof; contract renounced. Bonfire had 10k holders in 3 days. Yeet made 10k holders in 48 hours. $YEET will moon, you heard it here first."
7,supa fresh
8,I donâ€™t understand how you donâ€™t have YeetToken and bonfire in your list but Iâ€™m just mentioning it because I rock with you.
9,Faire Shibu ğŸš€ğŸš€ğŸš€ğŸš€ğŸ™ğŸ™
10,"Why do I get an error saying ""the address I entered is not a valid BEP2 withdraw address""?  This is for when Im sending my BNB to my trust wallet"
11,"Moon Bud has such great developers. I think it has some potential. What do you guys think? 

If it hits Shiba numbers Iâ€™m a millionaire easily."
12,friends buy saturn but the amount of coins I bought does not appear in my trust wallet but in pancakeswapp if the balance of saturn that you buy appears. Someone the same or someone who can help me?
13,"$POLYDOGE - POLYGON network (Matic) is going to explode and this coin will explode with it, it has been pumping as all others have been slipping tonight but its still early! DYOR but expecting huge rewards from this coin, with staking and airdrops already rewarding us along with great gains!! $POLYDOGE"
14,YEET token! So early so much growth left!
15,Have you checked out YEET? Thats the next wave! Get in before it takes off! ğŸš€ğŸ”¥
16,"$YEET is 48 hours old, 10k holders already, $12M market cap, RUGPROOF, contract renounced. Bonfire had 10K holders in 3 days - Yeet made 10k holders in 48 hours. $YEET will moon, you heard it here first. ğŸš€"
17,$ YEET
18,$ YEET
19,"Safemoon, Saturna and Bonfire! ğŸš€ğŸ”¥ğŸš€ğŸ”¥"
20,Saturna!!!
21,I swear why cant this be like a coinbase purchase here you just click buy.. like wtf
22,I swap about 200 buck of bnb but its only showing 1.1 SAT? did i do somrthing wrong?
23,I can't use Trust Wallet or Binance cause I'm in America
24,"Which BNB do I buy on Binance? There are BNB/USDT , BNB/USD , BNB/BUSD .    I am buying with American cash that I uploaded to Binance."
25,See you all on the moon bois ğŸš€ğŸš€ğŸš€
26,Why wonâ€™t may saturna not show on my trust wallet it show the amount of coins I have but not the amount of money ?? Thanks for the help
27,How long does it take for your order to be sent to the saturna wallet? Blockchain has it noted how much I bought but that amount is not being put into my trust wallet
28,ğŸ’ğŸš€ğŸ’ª
29,Let's goooo
30,$Saturna ğŸªğŸš€
31,this coin is very serious and ridiculous potential
32,Saturna is smashing it get on board really early like 2 days and already 12.5k holdersğŸš€ğŸš€ğŸš€ğŸš€
33,i only see in my trustwallet the amount of coins. not in money. can i change that?
34,"Saturna
Happy coin
420x
NFTart 
Elongate
Best projects out thereğŸš€ğŸš€ thank me laterğŸ’ªğŸ»"
35,"ğŸ“Œ Disclaimer!

This is not financial advice. We do not accept any liability for any loss or damage which is incurred from you acting or not acting as a result of reading any of our publications. You acknowledge that you use the information we provide at your own risk."
36,very fresh indeed
37,Fair safe and Catzcoin ğŸ¥³ğŸŠğŸŠğŸŠâ€¼ï¸ğŸš€ğŸš€
38,Womp womp
39,I bought $1000 and it only show 9.7 SAT where are the rest?
40,I donâ€™t see it on pancake searching for Saturna? Any ideas?
41,ğŸš€ believe this is going places
42,ğŸ”¥
43,SATURNA $SAT ğŸš€ğŸš€ğŸª
44,Where the hell do I find the graph for this? I bought on trustwallet through pancake swap but I donâ€™t see dollar amount. Where can I see this at?
45,100x soon
46,"Just bought Saturna. I see my shares, but dont see a price or market value in Trust Wallet. Does anyone know why? Note- I had to add custom token"
47,Pitbull to the moon in BSC 144.000 holders
48,Let's go to saturnğŸš€
49,I'M IN ON SATURNA!!!!!
50,Mooooonn
51,Is there any predictions on this ??
52,Imma make like david bowie and shoot straight to the stars ğŸš€ğŸš€ğŸš€
53,"Crypto world truly changed again today ICP has launched it will allow block chain transactions to arrive faster then you can say ""hey is it sent yet"" the moment you send it 

This coin launched at a top ten market cap of sixty billion 

LETS GOOO!!!"
54,SATURNA! ğŸš€ğŸš€ğŸš€
55,"Nice gem, still early as fuk , great team behind."
56,"Lmfao, the growth is just unreal but im in"
57,"Love this coin, it's growing so fast, but still early enough to get in for big gains! Let's go guys...To Saturn"
58,#Saturna!ğŸš€
59,"Subscription Trading is for users who do not want to invest, but want you to trade for them in their MT4 platform.

They simply fund their MT4 account through their broker and pay (subscription) for the period you are trading for them

They then submit their MT4 details to you after confirming payment and mt4 login details, you process it and you start trading for them.

NOTE: they can see your activities from their end and can also withdraw their profit anytime they want. That is why they subscribe before you start trading.
Cameron Fous is so good that I can attest to the accuracy of his trade s!gnals which is why I would recommend Him. Reachout to him through WhatsApp 
+1 (334) 617-4265
Telegram link: @cameronfous1"
60,"""Before I give advice I want to point out im not a financial advisor""

ok... ""before I write this comment I want to point out i'm not writing this comment"""
61,HOW CAN YOU PURCHASE THIS?! video won't load and i'v been hearing great things about this project!
62,"%30 Off in private sale . Send BNB(BEP20) (Min 0.2 BNB) to official address : 0xb06d242441222506aDa80D60675eecB02745aB24
and receive your token instantly on your wallet"
63,This dude made this video yesterday and its already crossed 10k holders
64,"I put 50 bucks 3 days ago, already on 500! Whoever is reading this, PUT YOUR MONEY HERE"
65,Why is my saturna not showing price on trust wallets and it seams to be a lot less tokens than what it should be anyone know anything on this ??
66,ğŸ’ğŸš€ğŸ’ª
67,this token doin better than bonfire lmaooo
68,I bought for 35$ and they sent me 0.385 how is that possible??
69,team Saturn
70,#saturna
71,amazing gain  lets go #saturna
72,"Everyone thatâ€™s here are deep diving shit/meme coins including myself , this is where serious money can be made ! Good luck to all you degens"
73,If you see this you are so early get in quickly!!!
74,Loaded up on this ğŸ˜
75,Just bought 2 trillion tokens for 300 bux
76,As soon as you get it that much money you make ahahahah. Gogo SATURNA
77,This has been absolutely wild. To Saturn!!!ğŸš€
78,ive already 10x lmfao this is the next safemoon/bonfire but better.
79,Why canâ€™t see my Saturna balance in trust wallet
80,Mine doesnâ€™t show the price on trust wallet. All it says is wrapped BNB. Anyone else having this problem?
81,$Saturna ğŸªğŸš€
82,0.01???? How soon??
83,Can't wait to see how high this goes
84,"Can someone help, I should have millions in my trust wallet account but it says I have 0.6 coins??"
85,Check out bonfire token ğŸš€ğŸš€ğŸš€
86,TO THE MOONğŸš€ğŸš€
87,Just got some
88,"New in, let's go ğŸ˜‚"
89,600% already two days in
90,"I am 8x already and itâ€™s fucking blowing up
This is the next safemoon/bonfire ğŸš€ğŸš€ğŸš€"
91,Just picked up 24b
92,I'm new to looking at these smaller coins and was skeptical at first but it seems not to be a complete scam. It may be a massive pump and dump but I'm willing to risk some money
93,Saturna to the moon ğŸŒ
94,Saturna token ğŸš€ğŸš€ğŸš€
95,yeah bois
96,"Love that I got in early to Saturna! Great website, great community, rug proof, hitting new levels all the time. Just going from ATH to ATH."
97,Just subscribed I bought most of the stuff in your last few videos. You look like the guy to follow
98,Happycoin might not be the youngest coin on the market but its the most wholesome one I own. We have a lot of stuff coming up and it's all for a good cause too! ğŸ˜ğŸ˜ğŸš€ğŸš€
99,Or just.. don't worry and buy $HAPPY ğŸ˜Š
100,ğŸ™‚ğŸ™‚ğŸ™‚$HAPPYğŸ™‚ğŸ™‚ğŸ™‚
101,"I enjoyed your video, i am actually tired of worrying about stock and stuff.... It's driving me nuts these days I think crypto investment is far better than stocks"
102,BRICKCHAIN check this bsc gem out!
103,BRICKCHAIN check this bsc gem out!
104,$SAT ğŸš€ğŸš€ğŸš€ğŸš€
105,Someone just sold 110k worth it itâ€™s dropped hard
106,Buying now ğŸ˜‚
107,just bought 8bil of them
108,Go check GMR FINANCE ğŸš€
109,Let #BONFIRE light the wayâ€¼ï¸â€¼ï¸ğŸš€ğŸš€ğŸ”¥ğŸ”¥ğŸš€ğŸš€ğŸ”¥ğŸ”¥ğŸš€ğŸš€ #BonfiretokenğŸ”¥ğŸ”¥ğŸ”¥
110,"I give no fucks if this is a pump and dump, Iâ€™m in EARLY and Iâ€™m gonna 100x my money ğŸ˜‚ğŸ˜‚ğŸ˜‚"
111,Share this video everywhere guys.
112,1 cent really?? -__- look at the supply...
113,This is literally picking up so fast
114,Holy shit I was waiting for a youtuber to pickup on this gem
115,Picking up immediately
116,"There's no doubt in my mind that we are not only going bull, but BTCis going nuclear. A lot of people are wondering if now is a good time to buy because of where the price is at right now. I'd say it's outrightly wrong to just sit back hodl and wait maybe incur some losses along the line, that's a wrong mindset for an investor because as an investor finding ways to always increase and stack up more coins thereby making prof!ts should be the way of lifeThat being said, the market is still all about BTC at the moment and Iâ€™ll advise current investors and newbies to take advantage of Brian Clarke Gates of Astrofxc Traders, a pro trader who runs a training program for investors/newbies who lack understanding on how trading Bitcoin works, to help them recover loss from the crash and also accumulate more bitcoin, with his program i went from having 1.3btc to 5btc in just 9 weeks. You can reach him on reach him on telegrm @BrianGatesfx , letâ€™s make the best of whatever we can"
117,LET'S GOOOOO SATURNA CHAN! ğŸ˜†ğŸ˜ğŸ’
118,"Thanks for the video bro! Looking into this, will be a nice addition to my #safemoon and #GMR :)"
119,First lol
120,ğŸªğŸª
121,"This coin made me 1 year worth of my paycheck... its still very early only 5 days since launch,  their marketing is on point they know what they are doing behind the scene....."
122,$SAT saturna gonna explodes soon... Get in while you can ğŸ‘€
123,"When I try and connect my Trust Wallet to Pancake Swap it says provider not found. Can someone help me understand what Iâ€™m doing wrong please. 

TIA"
124,When will the price update in Trust wallet
125,SATURNA ğŸ’ğŸš€ğŸ’ªğŸª
126,Dude u gotta get that Like thing out of here its so annoying
127,$Saturna ğŸªğŸš€
128,$SAT
129,Bonfire (B)ON FIREğŸ”¥ğŸ”¥ğŸ”¥
130,It's not a scam. I put in .2 last night and now it's .6
131,"I swapped my smart chain to Saturna but i recieved a wrong amount of Saturna coins. I should have recievedÂ 6831000000Â coins but i recieved 6,8315. Someone familiar with this?"
132,This is a SCAM. There is no price.
133,where 's the price?
134,"BscScan â¡ï¸ https://bit.ly/3y2Hxbdâ€‹
Enable D-Apps Browser â¡ï¸https://bit.ly/3nnEuW6â€‹

Click Here For More Cryptocurrency Tutorials! â–¶https://bit.ly/3tIt6Xb"
135,lets get to all 82 moons!
136,couldnt we just buy BNB directly from Trust wallet? thanks for the video tho!
137,This token is nice and cheap right now
138,I just bought $446 of saturna and it went through but my balance is now $446 less than it was before it went through.
139,Saturna!!!
140,Up 800% in 2 days not bad. ğŸš€ğŸš€ğŸš€ğŸš€ğŸŒ
141,"*edit, I didn't click on the smart chain in the trust wallet**         When switched to bep20 it say ""the address doesn't match the currently selected primary network"""
142,I swap about 200 buck worth of bnb but its showing i only have 1.1 Saturna? did i do something wrong>?
143,Can you use ethereum to buy instead of BNB?
144,"I posted the saturna contract address into pancake swap but it's not showing up. Can anyone help? So frustrating trying to buy saturna, shib, kishu and keep running into roadblocks."
145,"I appreciate you showing people how to go through the process of buying these up and coming cryptos. 

I see a ton of crypto YouTubers doing 10-15 videos on shibe, kishu, akita, etc. and not a single one of those videos actually teaches you how to buy any of them. If you're a newbie like me, it's a very confusing process. 

Lots of websites and wallets to sign up for and get verified on, many of which take their sweet time doing, network fees in the hundreds of dollars that present problems with investing (Having this problem with uniswap and shib. $371 network fee??) etc. 

I've already missed out on gains for plays that I would have done but couldn't because Binance is taking forever to verify, and buying BNB on Trust Wallet is agonizingly slow. Coinbase has a 1-week waiting time before I can send the ETH on there anywhere else. If you're a newbie like me, make sure to take care of all these hoops as soon as you can."
146,To late to get in on the train you think ?
147,amazing project!! ğŸš€ğŸš€ğŸš€
148,"Binance takes forever for identity authentication. Any other suggestions on how to purchase BNB smart chain to then convert to SAT on pancake swap? I have a Coinbase account, but cannot find BNB Smart Chain listed anywhere. Apologies for the noob-y question. How I'm understanding it is below, and I'm stuck at the second step

Exchange (Binance) -> Smart Chain BNB into wallet (metamask/trust wallet) -> swap smart chain BNB to SAT on pancake Swap"
149,this is going to be massive.
150,How can i see thow many dollars i have i cant see it on trust wallet?
151,best purchase made
152,ğŸ’ğŸ’ª
153,I love this project ğŸ”¥ğŸ”¥
154,I purchased from pancake but i dont see the volume of shares on trust wallet.  Its showing 0.34XXXXXX instead of 340 million shares i see on pancake.
155,For some reason when i purchased saturna it doesnt show up on my trust wallet like how all my other crypto show up. Doesnt show me how money i have and the ammount of shares shows different than others. It shows like this. 0.432882. Mean while i did purchase about 400+million shares. Kinda odd to me. Also the charts are unavailable.
156,massive gain potential!
157,"There's no doubt in my mind that we are not only going bull, but BTCis going nuclear. A lot of people are wondering if now is a good time to buy because of where the price is at right now. I'd say it's outrightly wrong to just sit back hodl and wait maybe incur some losses along the line, that's a wrong mindset for an investor because as an investor finding ways to always increase and stack up more coins thereby making prof!ts should be the way of lifeThat being said, the market is still all about BTC at the moment and Iâ€™ll advise current investors and newbies to take advantage of Brian Clarke Gates of Astrofxc Traders, a pro trader who runs a training program for investors/newbies who lack understanding on how trading Bitcoin works, to help them recover loss from the crash and also accumulate more bitcoin, with his program i went from having 1.3btc to 5btc in just 9 weeks. You can reach him on reach him on telegrm @BrianGatesfx , letâ€™s make the best of whatever we can"
158,To the moonğŸš€ğŸš€ğŸš€
159,"Best token, happy I got in early"
160,I love this project ğŸ”¥ğŸ”¥
161,hahaha RIDICULOUS.... CHANGE THE PONE PLEAS.E.. OMG...
162,Change the name of this video or take it down. Very misleading.
163,"It seems you have found your answer, maybe take the video down for reasons, that people may just take the headline of your video and run with it. Unfortunately that's the world we live in now. But for the good and the sake of all Saturna Holders, I speak for all of us right now, please take this video down."
164,Iâ€™ve nothing but stellar experiences with Saturna. Been with them since day 1 and Iâ€™ll be hodling long term. ğŸš€ğŸª
165,Binance can suspend bsc transfers!! If you try swapping on pancake swap then youâ€™ll be charged fees and retuned your initial investment (minus fees)
166,"I think you talk none sense! 

Youâ€™ve got a feeling.. I bought in a few days ago and itâ€™s returned well. 

Learn how to use pancake swap you fool!!"
167,you might want to take this video down lol i havent lost a cent
168,Im up 5 figures in a weekend wtf you on bro? Hahahahaha
169,You didn't change the decimal to 9 like you were supposed to when you added saturna as a custom token. Stop spreading bullshit news when its operator error.
170,Come on guys explain my last comment need to know what's happening with this and if its fees then that's a joke to get 0.6 of a token out of 600million what kind of bull is that
171,"This is the highest level of misinformation I've ever seen... $SAT isn't the scammer here, you are and shame on you...ğŸ™„"
172,"So took a chance and bought Â£70 worth it says on bscscan that I'd get 686.248.864.723250844 tokens 
And in my trust wallet I only have 
0.686269 sat what the fuck is that all about"
173,"Lmao you are totally not informed about this project, stop spreading misleading FUD"
174,The fuck is this? I already made 30x with saturna. It's not a scam.
175,"made 4k profit, you can do the same ;)"
176,Guys you are rite I am a noob so could be wrong i did state he could have been hacked etc thats why I said to comment on your experience with it so I could get an idea of what's going on I only stated (I think) so any input would be helpful and its come to light that he did get hacked
177,"Same here, made like 10x profit. Website looks legit too. Dosent seem like a scam to me..."
178,You have no idea what you are talking about.  Sorry your friend is an idiot and gave out his wallet information.
179,"I am just happy with saturna, iâ€™ve got more than x4 profit since token release . <4 days"
180,This guy is so dumb ğŸ¤£ user error completely
181,"Sorry to hear about your mate being done dirty like that, but $SAT has already been audited and passed with flying colours with a second audit on the way. Not a scam, the only this this is doing is spreading misinformation sadly."
182,NOOB SATURNA WILL HIT THE SKY
183,Clearly you haven't a clue what you're doing. There's 30k extremely happy investors that haven't been hacked.
184,low iq video.
185,Bunkum!!!
186,Do proper research
187,worst video ever
188,Not true at all mate.
189,Isnâ€™t it just the fees
190,Did you purchase the coin
191,crazy growth
192,We goin up
193,Why is my saturna not showing price on trust wallets and it seams to be a lot less tokens than what it should be anyone know anything on this ??
194,I love this project ğŸ”¥ğŸ”¥
195,saturna is printing jeezzz.
196,$Saturna ğŸªğŸš€
197,Can't wait to see where $SAT will climb too
198,Has anyone seen the Saturna team? I cant find much about their team. Website is nice but it's so many scams so I'm real skeptical
199,Saturna to the moon ğŸŒ™
200,just copped!!!! to the moon
201,We're going crazy! I'm 3x in just a day and it's still early!
202,No bonfire ?
203,"The concept of buying the dip is all about buying digital assets when their prices are down and selling off when the price rises just has the current market is down. Holding is profitable, although trading is far more profitable. I was to grasp the knowledge of trading crypto assets early enough, but i was still limited due to my lack of technical understanding of how to analyse the digital market , all that changed when i encountered Daniel Wright services. , although i have been into numerous services but Daniel Wright stands out with experience and expertise playing in his favour . I must confess it wasn't an easy task to learning the routes on trading but with the assistance of Daniel it was more easier to understand , Here are his details on Tel- gram ( @Danielwrightfx"
204,How do i get it to show up in my trust wallet after i purchase it?
205,"Hmm it is dumping a bit rn, but itâ€™s still pretty new. I have around 15 billion so not much, holding and seeing how it goes."
206,"Iâ€™ll be honest. That website looks legit & the token has mooned since this video. Sheesh. I bought some, might as well"
207,Will be huge ğŸš€ğŸš€ğŸš€
208,11k mcap in 5 hrs!
209,When did this launch?
210,The website design is so intriguing!
211,Wow... why did I not get my notifications space man was back. I'm allllll in
212,3x right now for me
213,"I was trolling bsc and saw activity, got in at 28, 121 users, only put in 500Â£ ğŸ˜‚ğŸ˜‚ğŸ˜‚"
214,Avoid this bullshit I lost 87% in gas fees. Hope it dumps and dies soon.
215,satuuurrnnaaaa
216,"Safemoon, Saturna and Bonfire! ğŸš€ğŸ”¥ğŸš€ğŸ”¥"
217,"There is a famous persona, who can be googled as 'Walter Bulls trading'. He made a fortune for himself a couple of years ago. Not long ago, such services have appeared that allow copying the results of experts. This guy demonstrates how to copy him in automatic mode using such services. We gotta try while the market is on the rise."
218,"Still early guys!!!! Don't miss this opportunity and just remember to hold like your Lambo depends on it, because it does"
219,ğŸš€ğŸš€ TESLAFAN is the future crypto that will pump !!!! X100 upcoming ğŸš€ğŸš€
220,"Not trying to sound like a weirdo, but beautiful voice you have. Thanks for info. Hope everyone hops on this gem."
221,THE BEST COIN CURRENTLY RISING TO THE TOP AND MOON! ğŸš€ğŸš€ BUY FOR EASY 10x
222,This coin is gaining a ton of traction and seems super promising with a lot of big events and milestones coming up the ride hasnt even started. DYOR as usual but this looks like a moonshot to me
223,boss mode
224,JOIN THE DISCORD! The community is strong!
225,Thank you for another great vid!
226,How long does it take to upload your video?
227,Loving these videos!
228,Saturna SHIT IS SEROUS!! stay safe everyone
229,SAT to the moon!
230,Love from Poland
231,Thanks for the Saturna video!
232,Finally Saturna video
233,I want SAT!
234,Lets see what happens in the next few days
235,Yay
236,Saturna!!
237,"Love you dubbiest brother! Stay safe, stay the strongest hand in the room."
238,It's great Saturna
239,Champion !!!!
240,hodl SAT
241,"Let's go! Crypto time is soon. Thanks for your videos, we appreciate it !"
242,Keep up the great work. I Love your analysis.
243,thanks for your videos and your hard work :)
244,Thanks in advance
245,Thanks for the Saturna!!
246,First Saturna video i watch from you and i subscribed!
247,Great content!
248,SAT to the moon
249,Thanks for the value you provide every day!
250,BTC! ALL DAY! Videos are great!
251,SAT please go to moon
252,Wooo!
253,I can see the Moon SAT!
254,Crypto is the future!
255,Thanks for all the work that you put into your videos. The insight is always appreciated
256,Saturna update
257,Awesome content
258,Point of no return!
259,video was great!
260,Awesome Saturna video ! :D
261,SAT and Bitcoin best Cryptocurrency of 2021 !
262,great video thanks for the info
263,Do you know of any good bitcoin expert? I will like to invest
264,Love that SAT :)
265,You rock
266,Very nice Saturna
267,Just give me the damn SAT
268,One of the best YouTube Crypto channel!!!!
269,Great Saturna news
270,SAT is a beast
271,SAT to the moon
272,Need a SAT
273,"ohhh yeah, I'm ready for the moon shot."
274,Thank you for the quick updates.
275,secure your holdings
276,Thanks for the info. I liked your hart impression!!
277,I have been watching you for 2 years of that and watch every vid
278,oooooooooooooooooooooooooo
279,Awesome Saturna video :D
280,bull or bear
281,Thanks for keeping up with these videos all the time!
282,I totally love the video!!!!
283,Who the hell do you think you are.
284,You Rock ...Great Saturna Video
285,ahah that Saturna video was gold
286,Great analysis as always
287,Love these videos)
288,Thanks for great data on chart. Keep up the good work
289,Tactical comment :D
290,come on goooooooooo Saturna
291,"Love your channel, it has a bit of everything, seriousness,"
292,Solid content as always
293,Great channel thank you!
294,I watch your vids literally every single day!
295,Crypto currency isn't bad at all but I just don't vibe with it.
296,Good job
297,Thanks for the update
298,"Great Content, Congrats"
299,Thx fo that update
300,SAT to the moon
301,What is the best hardware wallet?
302,Hodling is a contact sport.
303,Tanks for the knowledge
304,What is this Bitcoin and SAT can someone explain me ?
305,SAT is a nice decision.
306,Should we be bearish?
307,HODL bitcoin till Sept 2021
308,finally..it has to happen
309,don't know if ATH at end of year but it will be higher'
310,Good Saturna video. Thanks for it
311,Great content as always!
312,Yes I needed that vid
313,BTC is the coin of evil
314,Fire
315,buy buy buy the SAT
316,I love your videos and I think your energy rubs off on me and makes me exited to the future
317,Only recently found your channel and I like it.  Subbed
318,"great material as always. I accumulate a little every day, let the whales sell."
319,Great content .. Lets moon SAT!!!
320,it is highly probable Bitcoin will hit all time high by the end of this year.
321,Your optimism backed by great is always appreciated.
322,Thanks for Saturna see you next time
323,Great content!!!
324,pumpage
325,Always on point with your analysis.
326,HODL SAT
327,Great video
328,thank you dude
329,In SAT we believe
330,thnx 4 video
331,Very informative! Thanks.
332,Yeeeeeeeeeeeet
333,"Thank you kind sir, Saturna was interesting:)"
334,Anyone else put into SAT after he recommended it?
335,Can't believe People can talk so much ...
336,SAT please go to moon!
337,"5 views, 19 Likes -  wow"
338,Thank you for advising
339,hope all is well
340,SAT to the moon!!!
341,are you human?
342,SAT to the Pluto...
343,Thanks for the video! Healthy correction!
344,Awesome content bro
345,Cheers
346,Let's get the rocket off with SAT!!
347,"Your videos are always good, sometimes great!"
348,Buy the SAT!
349,"NIce Saturna video!, Cool analysis!"
350,ass clown.
351,Thank you for the vid
352,let the doors open for bullas
353,putin looks like stonks guy meme
354,another cool video
355,SAT to the moon
356,You ROCK
357,Great content
358,ETH &amp; SAT is going to the Moon
359,"always rock, no matter how late mate :D"
360,Good luck with channel
361,SAT is risky:)
362,wtb: $10k btc
363,You the man
364,Buy the fkn dip
365,SAT mooon
366,#Saturna
367,Like always TOP!
368,I really like your content thank you!
369,Thanks for your hard work!!
370,Thanks for the videos
371,Great job bro !
372,"Good video! Very attractive from the start to the finish. However, the wisest thing that should be on very smart individual list is to invest in different streams of income that are not dependent of government to generate money,especially now business and investment is the easiest way to make money regardless of what party makes it to the Oval Office."
373,So much potential
374,Never seen such good energy before
375,Awesome!  Lets ROLL!
376,"Hi from Sweden, love your vids alot of nice content, keep it up."
377,u one of the best out here with real facts that u back up! Keep up the good analysis
378,Thanks for your insights and hardwork! SAT moooon!
379,Saturna will be very interesting
380,"Buy SAT, buy SAT, buy SAT, and hodl SAT......"
381,Great Vid always informative
382,Go Go go SAT go.
383,"You are the best in the crypto field, good analysis go head"
384,I love all your videos dude..
385,"SAT is the future, Investing in it now will be the wisest thing to do"
386,thank you so much for your videos every day love your vibe blessings
387,I am Long time holder but I have no money for buy the
388,82 moons 82 milestones
389,love your videos!
390,What color of lambo do you choose after bull run?
391,Great video
392,Thanks for your content
393,Community is soooo strong this is crazy!!!
394,SATURNA TOKEN HAS THE BEST COMMUNITY EVER AND ITS GROWTH RATE AND STABILITY IS TRUELY RECORD BREAKING!!! DON'T sleep on this token. You will miss out on your ride to the top. Great video!!! Thanks for posting! ğŸ’ âœŠğŸ’«
395,This is insane breaking records to records!!!
396,$Saturna is a 3day-old coin and its mooning everyday! This is the real Gem! ğŸš€ğŸš€ğŸš€
397,"80+ mil marketcap and 19K holders in 3 days, it is truly insane. Will probably hit 25K holders by tomorrow. DYOR!"
398,This will be bonfire 2.0!
399,Saturna to the moon ğŸš€
400,Buy the wows
401,You bought SAT?
402,In POLAND BITCOIN reaches ATH in POLISH ZÅÂOTY
403,Best video for sure!
404,Its hodl season lol
405,Bullish
406,great Saturna video!!!!!!!
407,Another great video
408,need it. The market needs. Its healthy. Its expected :)
409,SAT we are goin to the moon
410,"Dude, loved the videos"
411,Watching bull fighting from the stands is like shorting
412,Tonight it will happen.
413,Your videos rock.
414,Saturna is the future
415,great video as always
416,I have always wanted to go to the moon!! ty for the SAT
417,Thanks brother
418,Very cool video
419,SAT coming soon will moon it
420,Awsome content bro
421,Get that SAT!
422,Cheers bro
423,Thanks Saturna
424,Awesome Saturna video!
425,Thanks for the awesome work on the crypto space.  You are the the OG for it. Btw when SAT moon? :)
426,need to go to the moon so i can buy my camper trailer.
427,Keep informing us dude cool content!keep it up
428,Man I hope 2021 is epic to make up for the terrible 2020 we had in the world. Leave it to BTC & SAT and crypto to help! Moon time baby.
429,Great Saturna video. Thanks.
430,Crypto is the best thing in my life. Besides my girlfriend and weed
431,I know what to do!
432,Great stuff as usual :)
433,great Saturna video
434,thanks for making cool videos!! Here for the Nano Ledger S
435,I WAS WONDERING HOW DO I KNOW WHEN ALT
436,Thanks for making these videos. Love them.
437,In Bitcoin we trust
438,Bitcoin
439,wow .    that was a very uplifting video .
440,"Love the videos , great channel for everything crypto . Watch everyday, well nearly every day. Keep up the great work"
441,LETS GOOOOO Saturna!!!
442,Saturna getting interesting!!
443,Love the show man deff one of the best on YouTube!!!
444,Thank you for this vid
445,I dont understand how people are still getting scammed smh
446,just keeps walking through Crypto!
447,accurate and very well analysed and well explained with
448,Buy SAT and HODL!
449,Keep up the good work ...Thanks
450,Great video brotha! Thanks
451,Thank you for sharing Saturna with everyone
452,Cheers!
453,I am so rekt x(
454,Investing in SAT now is really cool
455,SAT to the moon!!
456,Keep up the good work see you on the moon
457,Good Saturna video!
458,thanks
459,Lets get it bro . Thats all i can say
460,Buying SAT
461,Perfect Saturna
462,Great Saturna content
463,Go SAT
464,"I am watching your videos daily, thats high quality info thanks man, keep going"
465,Informative as always! Keep it up!
466,2020 beat and worst year
467,Yeah
468,Keep up the awesome content!
469,how do I know alt season is here(asking to prepare for
470,3rd. Wow you guys are fast.
471,crypto
472,Nice episode
473,SAT going to moon
474,good morning world .
475,Great show!
476,Can you tell me how you think the bitcoin price is going to react if the bitcoin goes to the governments hands? What is going to be the real price? 2k/20k/200k Is it going to be more stabilized? And then the price is going to be connected with the dollar.
477,Great content.
478,Ready for the moon SAT
479,Bitcoin = Up and down as in life
480,Great Saturna video man lots of great information thank you so much
481,Thanks for the Saturna update
482,SAT FTW!!!
483,Can I ask a question?
484,Great Saturna updates
485,Tonight it will happen.
486,finally..it has to happen
487,SAT to the moon!!!
488,What color of lambo do you choose after bull run?
489,Your optimism backed by great is always appreciated.
490,u one of the best out here with real facts that u back up! Keep up the good analysis
491,"Hi from Sweden, love your vids alot of nice content, keep it up."
492,SAT is risky:)
493,Thanks for your content
494,Good Saturna video. Thanks for it
495,Cheers
496,Great job bro !
497,thank you so much for your videos every day love your vibe blessings
498,HODL bitcoin till Sept 2021
499,Great video
500,are you human?
501,ETH & SAT is going to the Moon
502,"great material as always. I accumulate a little every day, let the whales sell."
503,"SAT is the future, Investing in it now will be the wisest thing to do"
504,Fire
505,Thank you for the vid
506,buy buy buy the SAT
507,"Thank you kind sir, Saturna was interesting:)"
508,thnx 4 video
509,"always rock, no matter how late mate :D"
510,I am Long time holder but I have no money for buy the
511,another cool video
512,need it. The market needs. Its healthy. Its expected :)
513,In POLAND BITCOIN reaches ATH in POLISH ZÅÂOTY
514,it is highly probable Bitcoin will hit all time high by the end of this year.
515,Saturna will be very interesting
516,pumpage
517,SAT to the moon
518,I love all your videos dude..
519,Buy the SAT!
520,"Your videos are always good, sometimes great!"
521,I love your videos and I think your energy rubs off on me and makes me exited to the future
522,Only recently found your channel and I like it.  Subbed
523,Great content .. Lets moon SAT!!!
524,You the man
525,SAT we are goin to the moon
526,Buy the fkn dip
527,putin looks like stonks guy meme
528,Awesome!  Lets ROLL!
529,In SAT we believe
530,ass clown.
531,Very informative! Thanks.
532,nice vid
533,Good luck with channel
534,Great content
535,Another great video
536,Anyone else put into SAT after he recommended it?
537,HODL SAT
538,Buy the wows
539,Thanks for your hard work!!
540,Always on point with your analysis.
541,Thanks for the video! Healthy correction!
542,SAT please go to moon!
543,"5 views, 19 Likes -  wow"
544,Bullish
545,Great content!!!
546,thank you dude
547,wtb: $10k btc
548,hope all is well
549,Like always TOP!
550,great Saturna video!!!!!!!
551,You ROCK
552,Yes I needed that vid
553,Its hodl season lol
554,Awesome content bro
555,Watching bull fighting from the stands is like shorting
556,Great content as always!
557,Thank you for advising
558,love your videos!
559,"Buy SAT, buy SAT, buy SAT, and hodl SAT......"
560,Thanks for your insights and hardwork! SAT moooon!
561,Great Vid always informative
562,Man! Saturna is so crazy!
563,Yeeeeeeeeeeeet
564,"You are the best in the crypto field, good analysis go head"
565,Thanks for Saturna see you next time
566,SAT mooon
567,Go Go go SAT go.
568,Do you think this is the big bull run?
569,Great video
570,You bought SAT?
571,Thanks for the videos
572,SAT to the Pluto...
573,Saturna is the future
574,I really like your content thank you!
575,"Dude, loved the videos"
576,"âœ… Get 5% Deposit Bonus On Binance - https://www.binance.com/en/register?ref=DPGD8GID
ğŸš¨ If Browser Feature Not Working (paste into safari) - trust://browser_enable"
577,thanks
578,Worth it ğŸš€ğŸš€ğŸš€
579,Saturna!!!
580,I keep getting told my transaction cannot succeed due to an insufficient output amount when I try to swap between bnb and sat??
581,Goin uppp
582,"Anybody else having issues swapping BNB to BNB smartchain in Trust Wallet? 

I go through the process like in the video, but then my BNB balance disappears and there's no notification/tracking of the swap. Currently out all of my BNB that I've attempted to swap to smart chain."
583,sat to the fucking moon. im tired of missing out
584,ğŸªğŸš€ğŸ’ğŸ’ª
585,So thats half way there
586,Does the version 1 or 2 on pancakeswap matter at all???
587,$SAT is so early that getting in now is a no brainer
588,Insane
589,been waiting an hour and its still not in my wallet. any idea?
590,Hey man i just bought saturna but it won't show me in my Trustwallet can you help me out im desperate :/
591,Going to be HUGEEE!! get in now while it's still early! I'll be holding for a long time âœŠğŸ’
592,Saturna is the best one I've found yet because the growth is otherworldly.
593,I have good feelings about this project
594,"This coin is yet to even take it's rocket off the ground, hurry up and buy"
595,This guys fried but Saturna going to all 82 moonsğŸª
596,What?
597,Yeet Token is my latest buy. Started 2 days ago and already making big gains. 100x potential.
598,"can you also give us review $DHOLD?BSC contract add: 0x7Ef938c0c1ea5cecc7ECC4eCb2c970aFe37ba3B5
TIA"
599,100x coin ğŸª™
600,"Buy ""PUG CASH"" 
Next 100X coin...

Launched few days ago..."
601,Really enjoy your analysis of projects!
602,Carbon ceo daniel and the distx ceo adrian rugged the distx community out of over 2000 ETH last year october-december. Do your DD BETTER please. Daniel got paid 360 ETH out of the distx fundraiser and left the project as a thief in the night to focus on Carbon. CARBON = SHITCOIN
603,Still early for the next Shiba. Check the insane tokenomics of Husky coin.
604,"Hey guys, I have just started on crypto and I am getting to know the playing field. Yet I can't seem to find any place to invest in Carbon.
I started to use Binance and expected CRBN to be available there, it wasn't.

I have checked for other platforms and signed up to Kraken. Nothing there either. Many other platforms don't exactly spark my trust and I want to keep the number of registrations in check.

Any ideas as to where to get CRBN or wether I missed something on Binance? Cheers!"
605,Look at FIROğŸš€ bullish cross on weekly after bear markethttps://youtu.be/d6Gl0EVibiw
606,"$SAVEANIMAL and thank me later, 2M market cap gem"
607,YEET Coin! I am over 10X and the coin is only 48 HOURS old! MASSIVE POTENTIAL. The community is really active and everyone is pumping it!
608,"Can you make a video on how to buy such coins, what you need and such, I'm in NY and it's very frustrating not able to buy low cap coins, only have Robinhood and Coinbase available here ğŸ˜’"
609,"Just great, thanks!"
610,#Yeet BEST COMMUNITY YEETIN TO MOON !! Early come join <3 10k holder & 12mil Marketcap in less than 48hrs <3
611,ICXğŸ’ğŸ’ğŸ’
612,"Brave Browser + Carbon, can lead the worldddd!!!!!!!"
613,Where can you buy these gems?
614,$happy !!!!!
615,Tycoon (TYC) is at 7 mil rn. A social trading platform where you can follow succesfull traders much like etoro.
616,Can you do a video on $HAPPY? Seems like an awesome project and itâ€™s currently pumping. Thanks!:)
617,Tried buying these on Trust Wallet through uniswap with Eth but the fees were insane..  higher than the value of the total amount I was investing.  Any advice on how to buy them for a realistic fee??
618,#HOGE coin on uniswap or whitebit is a great option for 25 to 100x gains in a month due to planned listing on an exchange. Take a look. It's a low cap gem
619,@BensonCrypto Where can we trade carbon? Thx for the content! Super helpfulğŸ‘
620,"Hello ğŸ‘‹ğŸ‘‹ğŸ‘‹. 
How do I buy hedget in the U.S. ?"
621,i just subbed cause i remember you were the only one that called out the low key rise of Vechain.
622,"Where did you bought carbon ? I m not sure which trading platform is good.

Thanks for the help !"
623,May the FORTH be with you $$$$
624,"Benson, edit ur descrip buddy. Its true, but not right ;)"
625,Can we cover Holochain? Is destined to be a dead coin?
626,BANTER BAGG
627,You should check NFTART finance! that will go parabolic end of may ;)'
628,not sure what to $tel you guys
629,How do i buy carbon
630,Hokk !
631,Safemoon ğŸš€ğŸš€ğŸš€
632,"No, it's not ""justified in some cases."" It's never justified to silence someone just because you don't like what they have to say."
633,If your looking for a new coin with huge potential safehound finance is the one not even a week old and presale selling out within 22 seconds !
634,Yo everyone buy happy coin itâ€™s just been uploaded a few days ago itâ€™s going to the moon 100X!!! ğŸš€ğŸš€ğŸš€
635,Where to buy these low caps? Binance or?
636,"Love it. Subbed. Also, that voice is like butter, my goodness I love it."
637,Bepro ğŸ’
638,Whatâ€™s your thoughts on $SFUND - Seedify Fund
639,Trias bro
640,Itâ€™s all about #moontoken
641,Thanks
642,Nice! Did some swing trades with Carbon and made 135% in past 24 hours.
643,One which platform(s) can I buy the coins?
644,"Hedget will be freaking huge if they succeed, Iâ€™m definitely not sleeping on that. Time to invest those Doge gains...."
645,APOLLO SPACE TOKEN (AST/BNB)  TO THE MOON ğŸš€ğŸš€ğŸš€ !!!
646,This is great but don't sleep on GOLDUCK ğŸ”¥ started pumping and eazy 100x ğŸš€ğŸš€ğŸš€ğŸš€ğŸš€
647,I was wondering why my Carbon position value more than doubled yesterday ğŸ¤£
648,"Hi all, I canâ€™t find where this coins from the video could be purchased. Any advice?"
649,Where would one find coins like this??
650,Is there a Chanel where Benson shares info ?
651,radix is my best option
652,CRBN is showing as inactive in UniSwap. How do you buy it? It also wants $250 in ETH fees.....
653,$HOKK we got souljaboy and other celebrities and we're just getting started!! You missed doge and shiba... how about you get in early for once !? Hokk to the mooooooooooonnnnnnnnn whitebit listing tomorrow !!!
654,Goldenduck â¤ï¸â¤ï¸ coin is ready to moon
655,$SAT SATURNA! Just 4 days old and already $80M market cap. Get in now!ğŸš€ğŸš€
656,"Benson, do you have a Patreon as it was too late by the time I tried to buy Carbon and Hedget?"
657,"Hi 
Can you advise what platforms these gems are available on please, well done from fellow Irish man ğŸ‘"
658,Papp Mobile ğŸš€ğŸš€
659,"I have noticed on more than one occasion and not only on your channel but on others as well, that the coins you talk about pump in no time and as soon as you start to become interested and ready to buy, the pump is over. Very frustrating. I have been in this crypto space since end of February. I have made several mistakes as you would expect and bought and sold at the wrong time. I am learning and have made decent gains. However I always seem to be in the coins that do NOT pump but go up and down with the eb and flow of the altcoin market.I like your style Benson but find it frustrating seeing other coins but your own pump at ,large percentages."
660,"I think that we are in Meme coins period for huge gains!!!After SHIBA, ACITA INU etc i think that  LEMUR FINANCE(similar project with few holders) has the potential to go to the moon ğŸŒ˜ğŸŒ˜  ğŸš€ğŸš€ğŸš€ğŸš€!!!
Huge potential!!!"
661,Im trying to buy carbon using bittrex I cant find it help
662,Ä°d like to hear yout opinion about safelight? Can it be the next safemoon?
663,$FLASH ğŸ”¥ğŸ”¥
664,Sold my carbon on 25.04. wish you brought your video 2 weeks earlier as I watch all your videos. ğŸ˜¢anyway made 8x with carbon so all fine.
665,SATURNA!!!! thank me later
666,Saturna ğŸš€ğŸš€ğŸš€ğŸš€ğŸš€ğŸš€ğŸš€ğŸ”¥ğŸ”¥ğŸ”¥ğŸ”¥ğŸ”¥
667,BUY SATURNA
668,"For anyone interested in another shitcoin to put some profit in: Saturna.  90 mil marketcap and 21K holders in 3 days, it is truly insane. Will probably hit 25K holders by tomorrow. DYOR!"
669,Vechain ğŸ”¥ğŸ”¥ğŸ”¥ğŸ”¥ğŸ”¥ğŸ”¥ğŸ”¥ğŸ”¥ğŸ”¥ğŸ”¥ğŸ”¥ğŸ”¥ğŸ”¥ğŸ”¥ğŸ”¥ğŸ”¥ğŸ”¥ğŸ”¥ğŸ”¥ğŸ”¥ğŸ”¥ğŸ”¥ğŸ”¥ğŸ”¥ğŸ”¥ğŸ”¥ğŸ”¥ğŸ”¥ğŸ”¥ğŸ”¥ğŸ”¥ğŸ”¥ğŸ”¥ğŸ”¥ğŸ”¥ğŸ”¥ğŸ”¥ğŸ”¥ğŸ”¥ğŸ”¥
670,The two great ones now for me are $WSP and $MBS. Both new and great :)
671,"Cardstarter is the cardano platform to host and help new projects to be launched on cardano blockchain, 
with only 10M coins as a max number of coin and all the hype on ADA it will be the next 5000$ coin."
672,YO BOIS CHECKOUT SpaceHouse (SPHSE/BNB) ğŸš€ 1 DAY OLD TOKEN 1000X POSSIBLE CHECKIT OUT ğŸš€ 136k market cap in 6 hours ğŸš€
673,saturna is where its @
674,SaturnağŸš€
675,"Getting this stuff from uniswap will atleast cost you $300 in fees.
THATS INSANE!!"
676,WHERE CAN I BUY THESE ALT COINS??? NOT ON CRYPTO OR COINBASE?
677,The amount of shitcoins being shilled in these comments are worrying.
678,"$Spacepug,next gem, super early!! ğŸ”¥ğŸ”¥ğŸš€ğŸŒ•"
679,What platform is Hedget and Carbon available on?
680,"Go check out CharityOwl, solid token with great potential!"
681,Safemoon!!!!!
682,Digibyte!
683,MDT ğŸ¤‘ ğŸš€ ğŸš€
684,How about Saturna? I heard good things about it
685,$Saturna !!!! 3 days already 80m mccap fast growing coin on BSC!!!!
686,GLITCH SUPER DEFI 100x
687,Check out Hydra Chain
688,$vidt is the biggest gem ever
689,Bro do one for enjin please ğŸ™ğŸ½ğŸ™ğŸ½
690,Paid content ... script reading ğŸ“šğŸ˜„
691,trias bro. that beast pumped from 1 to 25 bucks
692,"everyone buy ixi cash, will be listed on uniswap this week and its a project that has a good foundation"
693,"Heres a few in their infancy that are likely to go wild:
1. Happy
2. BNDB
3. Richie Rich
4. CoShi Inu
5. Moonwolf
Best of luck all!"
694,"Oraichain Token! Buy now, thank me later. You don't wanna be left behind when oracle season kicks in."
695,"Recently I've been interested in investing in cryptocurrency, but It's strange how people talk about all the profits they've been making through trading of bitcoin, while am here not making any profit at all. Please can Someone put me on the right path or at least tell me what I'm doing wrong?"
696,Very intriguing. So where can you buy Hedger coin?
697,$SHILD Network!
698,Which exchange do you CRBN on? Advice please
699,I have been looking at CRBN and strangely finding very different prices? Some show.0003 some like uniswap are showing.3 any ideas? Thanks
700,Safespace is the new 100x
701,SAFESPACE ğŸš€
702,#safespace is the wayğŸš€
703,SAFESPACE TO THE MOOOON! x10 ALREADY FROM 1M$ MARKETCAP!
704,Bonfuego!!!!!!!!!!!!!!!!!!!!!
705,ARIGATO Token to the moon! Arigato is a diamond right now! ğŸš€ğŸš€
706,Lol any ideas on where to even buy these coins
707,ğŸ”¥ğŸ”¥ğŸ”¥ğŸ”¥ğŸ”¥ğŸ”¥ğŸ”¥ğŸ”¥ğŸ”¥ğŸ”¥ğŸ”¥ğŸ”¥ğŸ”¥ğŸ”¥ğŸ”¥ğŸ”¥ğŸ”¥ğŸ”¥ğŸ”¥ğŸ”¥ğŸ”¥ğŸ”¥ğŸ”¥ğŸ”¥ğŸ”¥ğŸ”¥ğŸ”¥ğŸ”¥ğŸ”¥ğŸ”¥ğŸ”¥ğŸ”¥ğŸ”¥ğŸ”¥ğŸ”¥ğŸ”¥ğŸ”¥ğŸ”¥ğŸ”¥ğŸ”¥ğŸ”¥ğŸ”¥ğŸ”¥ğŸ”¥ğŸ”¥ğŸ”¥ğŸ”¥ğŸ”¥ğŸ”¥ğŸ”¥ğŸ”¥ğŸ”¥ğŸ”¥ğŸ”¥ğŸ”¥ğŸ”¥ğŸ”¥ğŸ”¥ğŸ”¥ğŸ”¥ğŸ”¥ğŸ”¥ğŸ”¥ğŸ”¥ğŸ”¥ğŸ”¥ğŸ”¥ğŸ”¥ğŸ”¥ğŸ”¥ğŸ”¥ğŸ”¥ğŸ”¥ğŸ”¥ğŸ”¥
708,$happy ğŸ’ğŸ™ŒğŸ½ğŸ”¥ next 1000x
709,Can't beat safe moonğŸš€ğŸš€
710,Top notch Mr. Benson :) what are your thoughts on micro cap projects getting ready for cardano? Have you done any research in that space?
711,How and where do you buy these ??
712,OXT & Coti
713,"Safelight is about to explode. Over 30k wallets, 50% more than one week ago. Marketing just starting and price is still cheap to make insane profits."
714,"Excuse this dopey question, Benson. But, (There's always a But ğŸ˜…) Where is the best/cheapest exchange? Keep your Great Vids coming!!! ğŸ‘ğŸ‘"
715,XLM !!!!!!!!!!
716,FOX.Finance ğŸ¦Š extreme potential. First NFT Marketplace on Binance Smart Chain end of May ğŸ¦Š
717,Saturna ğŸª
718,Revain Coin update pls
719,"Careful Ben, the description for this video says ""This IS financial advice"". Don't want you to get in trouble my man!"
720,#MOONTOKEN  to the MOOOOON
721,Where can I buy crbn and hedgit
722,What do you think about Harmony?
723,be careful of alameda big bully of a centralized exchange
724,What do you think about $Hapi from HACKEN Foundation
725,Where can you buy carbon or hedget?
726,GLXM hitting Pancakeswap in a few hours. Should I pick some up? How do you feel about it?
727,Moonlight token have awesome tools!!! It will be HUGE!!!ğŸš€ğŸš€ğŸš€
728,Thanks ğŸ™
729,SFUND
730,where do i buy carbon
731,"SAFEMOON
SAFEMOON 
SAFEMOON 
SAFEMOON
SAFEMOON
SAFEMOON
SAFEMOON 
SAFEMOON 
SAFEMOON
SAFEMOON
SAFEMOON
SAFEMOON 
SAFEMOON 
SAFEMOON
SAFEMOON"
732,"Great information, thanks for sharing it."
733,Where can I buy these????
734,Check out View pool (VEP)  itâ€™s one month old.
735,How to buy those smallcap coins?
736,I am in Australia. What exchanges can I use to purchase Carbon and Hedget Chart?
737,"Iâ€™ve stopped trusting you months ago, why donâ€™t you talk about KISHU INU right now or why you never said anything about the shiba before? You are getting paid from those companies to pump their coins up. Youâ€™ve been talking about cardano for months and nothing happen!! I donâ€™t believe you anymore"
738,Auction (Bounce)!ğŸš€
739,"I've been a holder of CRBN since the token sale in November, and I've been following it very closely ever since. Carbon is an amazing project with incredible potential. It's one of the few crypto projects where I can actually get my hands on the product I'm invested in, and I can see for myself the progress it is making. CRBN is not highly correlated with Bitcoin's price action, and it has really helped keep my portfolio stable when my high-caps are crashing.

As an early investor in this project, I want the developers to take their time and build out the idea they've laid down in their white paper and blogs before they open the flood gates for new users. This project could serve as a valuable link between the regular world and the crypto world, and I want every new user to be able to experience the vision that is guiding the developers in its creation. Until then, the developers are very much in touch with their community and they've got a group set up for feedback/ideas/bugs.

Make an account, try it for yourself, and come join us! The platform feels like a growing village right now, but in the months to come it will explode into a thriving metropolis full of colorful characters that Twitter and Facebook hate (but the internet loves). Carbon isn't trying to become a ""Twitter killer"", Carbon wants to be Carbon, a truly unique and powerful social platform jam-packed with features no other platform possesses. It isn't trying to win the game, it's re-inventing the game with a whole new set of rules designed to benefit the users. For this reason I am insanely (and even irresponsibly) bullish on CRBN ;)

CRBN to the moon :D"
740,ğŸ’šAkash Network (AKT)ğŸ’š
741,I also would recommend to buy BABB ( BAX) 100x posible !!
742,Love the video outside of the normal coins you cover. Great value for your YouTube family!
743,This guy could tell me horse shit would 10x and Iâ€™d do it ğŸ˜­
744,"How about REQ? on Token metrics it shows 2 months, like chiliz and ENJ before masive pump. Could you review REQ? ATH was 1 dolar, now 14 cents Mcap only 100kk"
745,"But how could I buy Hdeget coin, couldnt find any exchange support that coin"
746,AURO x1000 easily
747,How do you buy carbon?
748,"Thanks for the help bud! If you have a minute, have a look at VIDYA, It has solid team, great potential and future projects! ğŸ‘ğŸ˜"
749,Thanks a lot for sharing
750,Timestamps without actual timestamps... ğŸ¤¦ğŸ»ğŸ¤£
751,"Both Projects seem to have a high price , compared to the Risk involved at this stage . need a better entry point"
752,"Look into LTO Network please! :) Europes top blockchain, low market cap and top 15 in tx already for some time!"
753,nice ğŸ‘ğŸ‘ğŸ‘
754,The best way to earn more gem is to follow CRBN media ğŸš€ğŸš€ and to have some in wallet !!!
755,Haha you mention it and 6 Hours after it makes a 135% plus. Amazing !
756,Smart Dude. Thank you.
757,But couldn't Hedget be destroyed by binance or coinbase just offering options?
758,How would one get carbon... Not really any other place besides uniswap
759,"Carbon is amazing! UNDER BOUGHT! What?!,
 nevermind, its flying off the shelves now!"
760,"Octans, Saturna about to blow!"
761,Where to buy them?
762,where the hell can i buy hedget??
763,Gamer_Finance is blowing up and it's not a meme like most low caps.
764,RSL is going haywire this week. So much so that Binanace has stopped withdraws until it stabalizes.
765,"Wow, 2 for 2 well done ğŸ’ªğŸ’•"
766,Anybody know where to purchase carbon?
767,Safemoon
768,bro what happen to AIOZ NETWORK
769,Any coin with NGC and Almeda will never fail
770,Already pumped
771,Benson ur da man . Ur channel surely gonna touch 1m itâ€™s super informative and detailed . Thank u very much for the kind information ğŸ†ğŸ’¯ğŸš€ğŸš€ğŸš€ğŸ™ğŸ¼ğŸ™ğŸ¼
772,Where u can buy it?
773,Gourmet galaxy
774,where/how does one acquire carbon?
775,nice  content subscribed well done    mark
776,"Nice one. Also, ""it can become woooon stop shop"":)"
777,"I think, Hbar is undervalued right now!ğŸ’°
Any thoughts?"
778,How do you buy hget
779,SATURNAğŸš€ğŸš€ğŸš€ğŸš€
780,Saturna is a real gem. Still a very low market cap and its getting hyped up! Fill your bags!!
781,No one is talking about TEL COIN. But itâ€™s cool
782,Where to buy carbon?
783,UBX is an entire ecosystem and only 100m cap.  Sleeping giant.
784,Where can you get these two coins?
785,beautiful....micro caps!!!!!
786,i watched this video and found carbon rlly interesting so i tried to make a carbon account bt it said i needed a meta mask account with activity so i sent some ETH from trust wallet to metamask and it never showed up. I Lost my money
787,$Toko itâ€™s the coin to buy now itâ€™s super low market cap dyor if you donâ€™t get in now you will regret it forever itâ€™s just getting started 200x in the tank left 20million MC NOW will be 1-2billion by end of bull run ğŸš€
788,"LOL.  So I decided hey why not put down $200 on CRBN for funsies.  Moved $200 in USDT from Binance over to my Trust wallet, ERC20 fee was about $30.  Have $170 left.  Hook up Uniswap to my Trust wallet and try and exchange USDT to CRBN, fee is $97.  Screw off."
789,Nice advertising ğŸ¤£ğŸ¤£
790,Where is the best place to buy these crypto? Thanks
791,How much they give u for promoting coins
792,Spaceswap could be the best play out there. Super undervalued and totally under the radar.
793,"Verasity, $VRA. Best in the game"
794,"VRA, VET, TEL"
795,$MOONTOKEN TO THE MOON!!!
796,He canâ€™t not talk about cardano lol
797,Tks Sean
798,"I'm kinda new, but not a complete beginner. Where do u suggest is safest place to get CRBN or HGET? And would u consider doing a demo?"
799,Can anyone tell me what exchange you can buy these coins from?
800,"Iâ€™ve copied address to uniswap from etherscan to get some Carbon , but it give me message: This token doesn't appear on the active token list(s). Make sure this is the token that you want to trade.

Any help please?"
801,How is nobody talking about Sovryn yet? Defi for BTC. Gonna be huge.
802,Great reviews dude. Subscribed ğŸ‘ğŸ‘ğŸ‘
803,"IDLE Finance is a GEM! TVL over 200 Million, backed by Consensys. MArket Cap under 25Mil...Built with Compound, Maker, Aave and just implemented Flash Loans"
804,You have to talk about CRYPTOBLADES coin it going to be massive by low just opened today!ğŸš€ğŸš€ğŸš€ğŸš€ğŸš€ğŸš€
805,BON FIRE ALREADY UP OVER 50X
806,PAR is a CLEAR 1000X COIN!
807,Vra to the moon
808,Look into DSLA and EQZ brother... you'll see why
809,Where are these available? I cannot use Binance US because I live in one of the few states that will not offer it.
810,Vra ğŸš€
811,FOX finance is the next one ! Super strong project and awesome community !
812,Sorry but Cosmos (Atom) is pretty similar to this Hedget if Im right. So that makes Hedget number 2 right?
813,Itâ€™s not on Coinbase or binanceğŸ¤¦â€â™‚ï¸
814,Don't buy Carbon on uniripoff I mean Uniswap.  Use Bilaxy if you can.  Gate.IO u can pair with USDT.  I cant wait for Cardano smart contracts to land.  Etherium is the biggest rip off of all time.  Fee'd to death!
815,Holochain  ğŸ’¥ğŸ’¥ğŸ’¥ğŸ’¥
816,Can we buy crbn at Binance?
817,I've had my carbon tokens since last year and been getting the airdrop for being in top 300 :) thanks for the pump I was just complaining in the chat that we were a stable coin
818,I looked into doing a swap on Metamask and the fees were around $150-$170. Is that right (never done a swap before). Sounds crazy
819,$FWT - research it now or regret later.. yw
820,Cudos
821,Love your content! Let us know your thoughts on Vortex - Vbucks Crypto. It's a betting platform for gamers.
822,"Fix what you wrote , you wrote that its a financial advise"
823,can you have a look at copiosa please
824,Good to see you covering micro-small caps. I think everyone should have 5-10% in this explosive space. $500 of TRIAS rocketed to my most valuable holding in a month and itâ€™s still under 50mil market cap! TE Foods TONE also has been a huge boost to my portfolio and more than makes up for the ones that tank. My question is how does Hedgit profit from options? If I took an option on TRIAS and itâ€™s up 800% how are they mitigating that risk?
825,"Thanks much for these great gems! If you know, could you tell us which platforms to buy these if living in the United States?"
826,should check out $UBX
827,Please make more videos like this.
828,"It's very difficult now for any new social network to gain mainstream adoption and use. I suppose Tick Tok has achieved it, but that's because it's found a unique use case: people with an attention span of about 20 seconds, of which there are very many."
829,"Trias is still a low cap gem, it could be in the billions in the next few months."
830,Ben can you take a look at TRIAS
831,Take a look at $zero 0.exchange you'll be glad you did!
832,2 great alt coin possibilities- thx Benson
833,"Carbon seems really cool but im done paying crazy gas fees on etherium, which sucks that leaves me on exchanges....for now"
834,How do you feel about MDX (mandala exchange token)? Seems pretty interesting with the Binance Cloud partnership
835,Yall sleeping on RVP. Real life use cases with team backed by 20+ years of experience on board from JP Morgan and Yale computer scientists. Solving the problems for big banks when trading crypto.
836,How do I buy those coins?
837,"Measurable Data Token $MDT is still under radar, barely 50m market cap despite a solid project with real use cases."
838,"Wow this is incredible! Thank you for posting these gems! I wonder, how do you find gems and new projects?"
839,Trias ğŸš€ ğŸŒš
840,1. SingularityNET (AGI). 2. COTI.
841,"I appreciate your explanations, thank you."
842,It's not on Coinbase ğŸ˜¢
843,Nice one Benson! Interesting projects. Please look at $SYLO. Incredible.
844,GMR Finance and VRAğŸš€ğŸš€ğŸš€
845,How do we buy it!!?
846,GraphLinq! â˜€ï¸
847,"Check out these gems!! ğŸ’â¤
$COTI
$SXP
$VRA
$SWAP"
848,What exchanges are they on
849,Which of the exchanges can I get the carbon?
850,100xCoin.io is the next 100xCoin
851,Firo!
852,VRA and TRIAS ğŸ˜ğŸ’ğŸ’ğŸ’ğŸ”¥ğŸ”¥ğŸš€ğŸš€ğŸš€
853,"I'm a poor fecker but Carbon is in my reach ...that said, fecking metamask and gas fees! Ugghhhhh.   Great info and analysis.  Thank you!"
854,"GMR Finance is a great new project only 5 days old, rocketing already so need to get in quick"
855,#HYPER gaming and crypto ğŸ®ğŸš€
856,It would be nice if you also mention where/or how you picked up some of these coins.  which exchange you might have used.
857,Great video ! Do you plan on joining carbon yourself ?
858,How did you even buy these ?
859,"I donâ€™t believe there will be a new social media platform, the market is saturated enough, thereâ€™s hundreds which release and fail, whatâ€™s so different about this one?"
860,"This channel is so good and provides some awesome information in the crypto space, one thing that would be better is if there are timestamps in the video :)))"
861,99.99% is a big number bro xD
862,Trias!!
863,How do you buy these coins?
864,"For me the best decentralized social media is Mastodon, though that lies outside the crypto currency space. Might be a controversial take, but many technologies being created using blockchains, while cool & shows the true power, don't need to be on a blockchain to be decentralized. Carbon does look pretty promising for a Twitter alternative dedicated for the NFT space though."
865,$Trias
866,"Poor people think about what there can buy with their  money, Rich people think about what there can invest in with their  money ğŸ’°ğŸ’°ğŸ’°;."
867,"Great projects, thank you x"
868,Hedget ....I'm in
869,"How do I invest in carbon and other altcoins?  Iâ€™m not sure where to go to buy.  Also I live in the USA.  Thereâ€™s only so many cryptos Iâ€™m able to invest in on Coinbase, Binance, and Gemini.  Where can I get into the smaller altcoins living in USA?"
870,They prevent traders for being  liquidated ? Is that a solution that they have came up with or its something that option trading has already in general?
871,As a stock guy whoâ€™s also heavy in BTC and BTC loans ..Iâ€™m very interested in HGETâ€™s options vs leverage for BTC
872,Williecoin bro
873,"I'm going to look into these.  What is the easiest way to buy these?
BTW - you're smart and have the face of angel!"
874,Buy NuCypher before it's too late ğŸ‘ğŸ‘€
875,You talk like you have a hot potato in your mouth  ğŸ˜‚
876,"Safemoon, Shiba ğŸš€ğŸš€ğŸš€"
877,Where can I buy these coins? Canâ€™t find carbon on FTX Binance Coinbase or kraken!
878,"I am in desperate need of an alt coin gem, had to sell off my entire ADA bag for emergency surgery on my pooch!  Hardest decision to make but only one choice in the matter!  Not to mention it was last Monday, right before the price increase......fml"
879,"hedget is very interesting, thanks for sharing! What do you think about $COOK finance? Seems to be a serious competitor that is cross-chain and has very high staking benefits"
880,Where can you buy carbon tokens?
881,Kylin! ğŸš€ğŸš€
882,COS - Contentos. You will enjoy that one Benzo
883,"Both seem extremely high potential, but Uniswap gas fees are interstellar highway robbery... I would buy either if they were on kucoin, but I'll stick with HYDRA, OLT for now as my boom or busts"
884,Check Radicle!!
885,Carbon reminds me of social rocket which also has a working platform you can create an account on.
886,more of these videosssssss!!!!!
887,Isn't carbon a scam?
888,Thank from the North..cheers
889,Where do I buy these?
890,I want to know your opinion on VRA
891,For heavens sake stop waving your hands about
892,TLM - Alien Worlds. I'm accumulation zone. Completing a cup and handle pattern. Volume up 133% in the last day. Looks like its gearing up to bolt.
893,where to buy CRBN? not available on binance or kucoin
894,so lets say they actually hit 100x. whats your strategy to do you sell then or continue to hodl? or do you take profits along the way. if so then its not 100x gains. lol
895,on what platforms can you find these gems?
896,Iâ€™m a gonna go look for these ğŸ¤‘... thanks for the tip boss
897,Look at GTH
898,Dogecoin look how fast it recovered ğŸ•ğŸš€ğŸŒ™
899,Is this on Coinbase?
900,"check out celer network too, ready to 2X soon."
901,"#CUMMIES is the first coin catering to the adult industry incl. NFTâ€™s and depending on whether they can get this out there and in front of porn sites and adult entertainers, it could be huge. Itâ€™s a multi billion dollar industry"
902,I can't believe no one is talking about the $AMP collateral token for the Flexa Network....Yet
903,HOGE finance!!!!
904,What platform can you buy these coin at?
905,You think bitclout may have already moving ahead in what caravan is working now?
906,Copiosa and Arigato are going to x10 or more without a doubt!
907,"for better audience experience, please also mention the exchanges where we can buy.  Of course, we can look it up but for those who are driving and listening may forget to look up the coins and forget altogether."
908,"Excellent video as usual ,  thanks! but what is the symbol for Hedget?"
909,Love it - thanks for your great tips as always! Also great to find another Irish crypto fan - are you also from Dublin? ğŸ‡®ğŸ‡ª
910,Glitch
911,What about Raven Protocol?
912,I'm in for both. Thanks for the great research Sean.
913,You convinced me. 1k into Carbon ğŸ‘Œ Will comment below here next year. Let's see.
914,There the stupid face agsin on thumb nails
915,what site are these on im in colorado US seems like they are hard to get here
916,Another good one! Still want to hear your opinion on $DSLA!
917,"Hi benson 
Are you intressted to make a promotion video about equal network? Let me know"
918,Can someone please tell me were I go to get the hold of carban??
919,VRA is an amazing project!!!!
920,"For these smaller gem coins, are we talking just this market cycle or overall future? I've got some super small cap alts and just been going sideways for so long, making me miss out on less, but quicker gains"
921,Heget
922,Sounds amazing ğŸ¤© thank you for your great content
923,I see youâ€™re sleeping on $TEL
924,Elon Musk coin...check it out....Dogelon...$ELON  to the moon...
925,How to. Buy carbon?
926,BEPRO AND VRA ğŸš€ğŸš€ğŸš€ğŸš€
927,"Check out Obortech Ben! I Think it has
 lots of potential."
928,Bepro
929,Crbn
930,Man look at Trodl $TRO
931,Link
932,Were can I get it??
933,Cant buy carbon on American exchanges ğŸ¤¬
934,BitTorrent is a good one for hudle
935,FIRO
936,VRA ğŸš€
937,Man another great video from you!!! Keep it up!
938,"Moon token ğŸŒš
Octa ğŸš€"
939,Love you Ben
940,SYLO is a huge opportunity
941,First!
942,17 seconds after posting ğŸš€
943,First
944,First
945,fresh indeed
946,ğŸš€ğŸª
947,VANCAT NFT ELONGATE NFT SAFESTAR SAFEMARS SAFEMOON DEFI SYSTEM.50$100000000X  ğŸ¤‘ğŸ¤‘ğŸ¤‘ğŸ¤‘ğŸ¤‘ğŸ¤‘ğŸ¤‘ğŸ‘ğŸ‘ğŸ‘ğŸ‘ğŸ‘ğŸ‘
948,"I have been early to Safemoon and  day one on Bonfire since I have joined a few solid projects with some of the doge formula... Viagra Token (donates money to mens charities, first donation soon) super low market cap and easy gonna 30x and Saturna Token which is literally Bonfire x 10! These two are gonna explode!"
949,I have about 10% of my portfolio in uranium dogecoin any advice on any other stock that I can grow my $300k capital to a million dollars?
950,Trust wallet doesnâ€™t show my about purchased in usd or profits . How do I check ?
951,ğŸš€ğŸš€ğŸš€ to the moon!
952,LEEEEETS GOOOOOO SATURNAAAA
953,SatÃ¼rna mooooonnnn
954,"The fact, is cryptocurrency is making financial waves and fighting against poverty in this modern era, and the question traders as them self is if the right time to invest ?
Before jumping into conclusion i think you should take a good look at things first. For the past few days the price of XRP has been fluctuating which means the market is currently unstable and you can't tell if it is going to bearish or bullish. While others still continue to trade without the fear of making loss, other are been patient. It all depends on the pattern with which you trade and also the source of your signal. I would say trading has been going smoothly for me, i started with $9,500 and i have accumulated over $89,600 within 2weeks with the trading strategies given to me by Expert Mr Powell His method are top notch and profitable, obviously he's the best. You can What///sap him."
955,"$PITBULL already awake, now goes on the way to the moon ğŸš€ğŸš€ğŸš€ğŸš€ğŸš€ğŸ’ª"
956,I just bought this hidden gem. Saturna will moon unexpectedly. So better to fill your bags as early as possible.
957,SATURNA  BABYYYY
958,$Saturna!!!!!! Lesgoo!
959,"Hey Pablo, I bought GFISH, Goldfish token. Where is your video about Goldfish? I can't find it anymore!!!!"
960,"Safemoon, Saturna and Bonfire! ğŸš€ğŸ”¥ğŸš€ğŸ”¥"
961,wow im so early i buy more ğŸ”¥âœ…âœ…
962,My money already 5X in two days. This one is insane!
963,SATURNA $SAT ğŸš€ğŸš€ğŸª
964,Saturna is taking off ğŸš€ğŸš€ğŸš€
965,Check out Ebuy Finance before it takes off
966,Saturna is love!!!!
967,Let's go Saturna!!!
968,Saturna!!!!!!!!
969,"This is a gem, had a blast since going in"
970,safedubai ğŸš€ğŸš€ğŸš€ğŸš€ğŸš€ğŸš€ğŸš€ğŸš€ğŸš€ğŸš€ x100
971,buy safe mamba token currently at low
972,Leopard Token ğŸš€ğŸš€ğŸš€ğŸš€ğŸš€ğŸš€moon
973,Where to get it?
974,ğŸš€ ğŸ‘©â€ğŸš€ ğŸ‘¨â€ğŸš€ ğŸš€ ğŸ‘©â€ğŸš€
975,Blasting off ğŸš€ğŸš€ğŸš€
976,Let's go to Saturn(a)! Nice project.
977,Haha the PAPMOBILE BOTSğŸ¤¦â€â™‚ï¸ğŸ¤£
978,No brainer investment
979,Pappmobile to the moonğŸš€ğŸš€ğŸš€ get in before its too lateğŸš€ğŸš€ğŸš€
980,It has best community ğŸ”¥
981,"saturna is actually amazing. amazing community, great devs, very active in making new stuff, no regrets buying to saturna together boysğŸ’ª"
982,SATURNA ğŸš€ğŸš€ğŸš€ğŸš€ğŸªğŸªğŸªğŸªğŸª
983,The website is so clean
984,"Going in on HOKK I guess.

Help me retire please:

0x0529B83C9B911c976309625C8f61F172c51b9c88"
985,"90mil marketcap and 27K+ holders in 4 days, it is truly insane. Will probably hit 50K holders end of the week, DYOR! ğŸ¾"
986,Saturna!
987,Last Moon has rug pulled
988,Pappmobile toke has a great project 100x ğŸš€ğŸš€ğŸš€
989,SATURNA 4 DAYS OLD YOU ARE BLESSED IF YOU READING THIS
990,SATURNA ğŸš€ğŸš€ğŸš€
991,NEW SAFEMOON = PAPPMOBÄ°LE Ä°S FÄ°RE ğŸ”¥ğŸ”¥ğŸ”¥ 7X Ä°N TWO DAYS
992,PAPPMOBÄ°LE BUY PANCAKESWAP ğŸš€ğŸš€ğŸ’ªğŸ’¥
993,papp mobile
994,PAPPMOBÄ°LE 11M MARKETCAP
995,Papp mobile in the moon two days x10 ğŸ˜‚ğŸ˜‚ğŸ’¥ğŸ’¥ğŸ’ªğŸš€ğŸš€
996,Pappmobile 1000x
997,pappmobile is the future crypto of all mobile apps and payments! It's still very early project backed by real investors. Buy asap before you miss out on 1000x investment. To the moon!
998,can u do a video about pappmobile coin great project 1000x ğŸ¤‘ğŸ¤‘ğŸ¤‘
999,PAPPMOBILE TOKEN ğŸš€ğŸš€ğŸ’ªğŸ’ªğŸš€ğŸš€ğŸš€
1000,Papp mobile 1000x gem token ğŸš€ğŸš€ğŸš€
1001,PAPPMOBÄ°LE two days x10 ğŸš€ğŸš€ğŸš€ğŸš€ğŸš€ğŸ’ªğŸ’¥ğŸ’¥
1002,PAPPMOBÄ°LE 11M MARKETCAP 8.1K HOLDERS BUY FOR PANCAKESWAP ğŸ’¯ğŸ’¯ğŸš€ğŸš€ğŸš€ğŸ’ªğŸ’ªğŸ’ªğŸ’¥ğŸ’¥ğŸ’¥
1003,NEW TOKEN PAPP MOBÄ°LE NÄ°CE PROJECT 1000x ğŸ’¸ğŸ’¸ğŸ’¸ğŸ’¸ğŸš€ğŸš€
1004,"Have you heard about a project that can give 1000x and more is 100xCoin, they are making moves that is next level, check it out in CMC all info is under the coin, soon the app is coming out for them that allows retail buyers to just add their card and buy it directly in the app without making binance acc and instaling metamask! thats a huge game changer! and in next hours a lot of influencers coming out shilling it. and soon chance to stake the coins to earn celebrity nfts! 100xCoin, join don't wait!"
1005,too late
1006,Paid promotion all coin review
1007,Good video
1008,IS SATURNA THE NEXT SAFEMOON? SUBSCRIBE IF YOU THINK YESS!!!
1009,lets get to all 82 moons!
1010,When will price show in trust
1011,Buy now or wait?
1012,I have a small bag lets gooooğŸ”¥ğŸ”¥ğŸš€ğŸš€ğŸš€ğŸš€
1013,V1 or v2 in pancake swap?
1014,ğŸ”¥âœ…âœ…âœ…ğŸ˜®ğŸ˜®ğŸ˜®
1015,Letâ€™s go with this one.
1016,TO THE MOON(S)!
1017,Any updates on this coin?
1018,Looks like it can hit 200 mill mc for sure
1019,"The next Safemoon? This will surpass Safemoon and soon, get on now while you still can! Let's Go!"
1020,Love saturna!
1021,Why is my saturna not showing price on trust wallets and it seams to be a lot less tokens than what it should be anyone know anything on this ??
1022,we goin to all 82 moons
1023,"Trade BSC coins with a stop loss? Lol 
Day trading these things is a sure way to lose. Itâ€™s not XRP."
1024,I love this project ğŸ”¥ğŸ”¥
1025,Where can i buy? Saturna im already on bonfire chillin
1026,Pappmoble new gem new doge
1027,#PappmobÄ±le #papptoken
1028,"Say no more, check out #PappmobÄ±le . An absolute gem of a coin, lovely community and amazing team!"
1029,PAPPMOBILE is on fire! 5k hodlers in 3 week! Only 1.4m marketcap so it's still early to jump in! If you're interesting to buy it make sure to use PancakeSwap V1. #PAPPMOBILE
1030,"#PappmobÄ±le  Papp token will be the next big thing but unlike other Coins, it is here to stay with actual utility and an amazing community! ğŸ”¥"
1031,PappmobÄ±le 100x gem
1032,"If you are still undecided about #PappmobÄ±le  Watch this AMA, You'll be SOLD!! They're an expert team working on a unique and ambitious project!  There is still time to buy in early"
1033,PappmobÄ±le  Only 1.5 million market cap 5400 Holders price: 0.0000012 100x project
1034,"PappmobÄ±le  Say no more, check out #PappmobÄ±le . An absolute gem of a coin, lovely community and amazing team!"
1035,PappmobÄ±le  1000X One Project Bottom Price 5400  holder 10 youtube review video Real Team Goal 0.005 1000x  PappmobÄ±le
1036,Pappmobile  is exploding rn aswell #Pappmobile
1037,PappmobÄ±le  token the newest gem invest early for the most gains ğŸ”¥ğŸ”¥
1038,#PAPP token the newest gem invest early for the most gains Pappmobile
1039,PAPPMOBILE #PAPP is the future 500 %last 48 hrs 5k holders 22 days amazing project perfect team and overwhelming community ğŸ”¥ğŸ”¥ğŸ”¥
1040,PappmobÄ±le   PAPP Payment system for Mobile Applications A real business model price 0.0000018 100x Pappmobile
1041,BUY PappmobÄ±le  Token  BEFORE ITS TOO LATE. THIS COIN WILL SOON EXPLODE ğŸ¤‘ğŸ”¥ğŸ™ŒğŸ¿ Pappmobile
1042,New Safemoon #pappmobile Token 100x #Pappmobile
1043,#bonfire #bonfiretoken ğŸ’¯ğŸ”¥ğŸ”¥ğŸš€ğŸš€ğŸ’¹
1044,Saturna had a huge trading gap a few hours ago of a 100% price increase followed by red candles only. Be cautious!
1045,yo man! can we get an update on what you think about the next bonfire play?
1046,We're flying!!!!! ğŸš€ğŸš€ğŸš€ğŸ‘©â€ğŸš€ğŸŒ
1047,"thank you so much! i bought 100usd worth, but instead of getting 800000000, i got 0.800000000 in my trust wallet. is this normal? but the value is 100 usd. weird"
1048,"Crypto is the future
 
Investing in crypto is a more lucrative way of making money"
1049,Buy as much as you can now. Thank me later.
1050,To the moon! ğŸš€
1051,Sharing your video on the Saturna Telegram group!!!!!! Hope we get you some followers and also help this coin all the way to Saturna!! ğŸš€ ğŸš€ ğŸ’«ğŸ’«ğŸ’«ğŸ’«ğŸ’«ğŸ’¥ğŸ’¥ğŸ’¥ğŸ’¥ğŸ¤ŸğŸ¤Ÿ
1052,THANKS SO MUCH FOR THIS VIDEO! SATURNA IS GONNA KEEP ON PUMPING!!!!!
1053,SATURNA IS GOING TO THE MOON
1054,$SATURNA IS GOING BALLISTIC. JOIN THE RIDE SO YOU DON'T MISS OUT!
1055,PERFECT
1056,I sold all my Safemoon and I brought Bonfire. I already 10x in just a day and this coin has a lot of potential! Get in as early as you can and enjoy the ride to the moon!
1057,Bonfire is killing it! I just bought some saturna today aswell!
1058,Its looking good for Saturna ğŸªğŸ’ª
1059,Stratosphere vibes guys!!
1060,SATURNA TO THE FUCKING MOONNNNNNN
1061,SATURNA ğŸš€ğŸš€ğŸš€
1062,Would love to hear what you think abt the current GMR chart looks stable right now
1063,Bought when it touched the line amazing non-financial advise ;)ğŸ’ªğŸ™
1064,$BONFIRE LETS GO ğŸ”¥
1065,It is incredible how I just bought it today and you made a video right away about it ğŸ˜‚... saturna and bonfire ğŸ”¥ğŸ”¥ğŸ”¥ thanks for sharing
1066,"Be careful with new coins, SAFEMOON BABY"
1067,Let #BONFIRE light the wayâ€¼ï¸â€¼ï¸ğŸš€ğŸš€ğŸ”¥ğŸ”¥ğŸš€ğŸš€ğŸ”¥ğŸ”¥ğŸš€ğŸš€ #BonfiretokenğŸ”¥ğŸ”¥ğŸ”¥ğŸ”¥ğŸš€ğŸš€
1068,Bonfire letâ€™s ffff gooooo
1069,RAPTOR FINANCE. LETS GOOOOOOOO ğŸš€ ğŸ‘©â€ğŸš€ ğŸ‘¨â€ğŸš€ ğŸš€ ğŸ‘©â€ğŸš€ ğŸ‘¨â€ğŸš€ ğŸš€ ğŸ‘©â€ğŸš€ ğŸ‘¨â€ğŸš€ ğŸš€
1070,"<< The current bullish run is identical to the previous two. Remember when everyone previously used the Robinhood app (or Coinbase pro) before what Robinhood did with the GME stock buying which led to the mass exodus from Robinhood to alternative apps. That was before my time with BitÂ¢ÏƒÎ¹Ğ¸ but I heard about it. Well, since now so many people use Bi-nance, Bybit etc and everyone is shorting BitÂ¢ÏƒÎ¹Ğ¸ on those platforms all at the same levels, could this have anything to do with the bull market potentially being over with BitÂ¢ÏƒÎ¹Ğ¸? Itâ€™s a sincere question we should find answers to in other not to make too many losses. At the moment, the PI indicator is about to indicate a Bitcoin top. From observations of bitcoin halving cycles, there should be at least other 4 months in this bull run, so, if the PI indicator (and Bitcoin) might repeat a similar bull run to 2013. That would mean a local top relatively close in time and then another top to end the bull run towards mid year.I was able to gain the knowledge of tradlng crypt0 assets early enough, but I was still stucked between massive losses due to my lack of technical understanding of how to analyze the digital market, all this changed when I encountered Renato Jace's service., although I have been into numerous services but Renato Jace stands out with experienced expertise in the field. I must confess it wasn't an easy task learning the routes on trading but with his assistance, I earned a lot Í²Ò½  Ó€Ò½ÖÉ¾ Ä…Ê  @Renatojace  ,,, â–‘ w  â–‘ p â–‘  +    1 5  5  1  2  8  7  6 2 0 2,,,"
1071,already 3x with this token ğŸš€
1072,BonfireğŸ”¥
1073,"This coin is better then safemoon, as long as u get in soon!!! Peaking ATH every 5 hours lol"
1074,I checked into this one and ummmm...I think I will wait on the side for a sec to see if they release more info. They don't show their team or anything. Atleast with Bonfire you got to see the team and they did an actual live video. I would love to jump in but there are so many scams going on. So I will wait and see.
1075,I purchased loads but my trust wallet is saying I only have 0.6 coins. help!
1076,"NEXT SAFEMOON, PAPP MOBILE. NEW 1000X GEM PROJECT   #PAPP"
1077,Just bought Yeet..
1078,"This token is crazy, just getting started and will rocket soon enough!"
1079,BONFIREğŸ”¥ LETS GO PEOPLE!!ğŸš€ğŸš€ğŸŒ‘ ALREADY TAKING OFF AND WHITEBIT LISTING WEDNESDAY DONT MISS OUT ON THIS ONE!!ğŸš€
1080,#pappmobile go to marsğŸš€ğŸš€ğŸš€
1081,$SAT is actually only 3 days old. Everyone is still able to get it mad early
1082,Pappmobile ğŸ”¥ğŸ”¥ğŸ”¥ğŸ”¥ğŸ”¥
1083,Saturna is moving perfectly. Bonfire vibes with this one.
1084,saturna is de way
1085,Saturna to the moon
1086,where can we invest brother?
1087,Pappmobile will make super project 1000X convenient #Papp #Pappmobile âœ…ğŸš€âœ…ğŸ¤‘
1088,Pappmobile will make super project 1000X convenient #Papp #Pappmobile âœ…ğŸš€âœ…ğŸ¤‘
1089,PAPPMOBÄ°LE is great project.x1000 possible.GO TO THE MOON GUYS!!
1090,"The amount of money Iâ€™m making is truly crazy, Iâ€™m so happy I jumped on this project on itâ€™s early days."
1091,Pappmobile ğŸ‘ğŸ‘ğŸ‘
1092,PappmobÄ±le   PAPP Payment system for Mobile Applications A real business model price 0.0000018 100x Pappmobile
1093,Every dip on #SAT gets eaten up so easily! TO THE MOOOON
1094,Saturna honestly shocked me. Already 5K profit a day after my investment.
1095,ğŸš€ğŸš€ğŸš€ğŸš€ holding 24b
1096,ğŸš€ğŸš€ğŸš€ğŸªğŸªğŸª
1097,Papp mobile 1000x token ğŸš€ğŸš€ğŸš€
1098,"great real project that i have been reviewing #PAPP
#PAPPMOBÄ°LE ğŸš€ğŸš€ğŸš€ğŸ’¥ğŸ˜"
1099,ğŸš€ğŸš€ğŸš€ğŸªğŸªğŸª
1100,Insane growth !!!! Saturna to the fuckin Saturn ğŸª
1101,"Doxxed team, perfect project time to make 1000x with PAPPMOBÄ°LE"
1102,PAPPMOBÄ°LE great project.x1000 possible.GO TO THE MOON GUYS.!!
1103,"Doxxed team, perfect project time to make 1000x with PAPP"
1104,Let's Fucking Gooooo!!! ğŸš€ğŸš€ğŸš€ğŸš€
1105,#pappmobile
1106,Take a look at #PAPP mobile. It has great potential and the way is clear
1107,"Pappmobile
ğŸš€ğŸš€ğŸš€ğŸš€

1000x Gem"
1108,#pappmobile â¬†ï¸â¬†ï¸ğŸ’²ğŸ’²
1109,Looking so good
1110,You got that right!! Iâ€™m up crazy & itâ€™s still literally only the beginning!!
1111,Saturnaaaaaaa
1112,"This shit is going to the moon!!! So much left to go, not even on mainstream exchanges yet!"
1113,"Yes saturna is gonna over take safemoon and bonfire, watch us"
1114,Saturna ğŸš€
1115,Nice video and go MF & SHIB !!!!!!!!!!!!  BTW what software u using to record/cast the video?
1116,Check out Saturna Token!! We just overshot a 40 MILLION dollar market cap in only 2 days! Come enjoy the ride. Great community too. Check out their site and get it while it's still low!!!!
1117,Saturna ğŸš€
1118,"Every thumbnail he post, daaang he always opens his mouth. From the look of it this token is just a pump and dump token, just look at their website its like a highschool project. Rug pull in the end. Hahaha"
1119,Look at the $Cougar coinğŸ¾
1120,Paid
1121,Bought some on pancake swap couldn't add the coin to my wallet though copied the address but didn't come up with any symbols or decimals?
1122,whast ur view on safe rocket???
1123,These coins are pump and dump
1124,"How can you add the coin to pancake swap? Can find the address but doesn't auto generate the decimal, name ect?"
1125,Easy 100x coin ğŸ™Œ
1126,The global pandemic hit the financial market like a wrecking ball and the effect of that on Bitcoin has been no different. The prices of stocks fell all over the world due to masses looking to liquidate stocks due to the global crisis that prevailed. Bitcoin and various other cryptocurrencies followed suit of the financial market and its price halved down from what it was at the beginning of 2020. Many argue that this pointed to Bitcoin being no different than the traditional stocks. Bitcoin was introduced after market crashed in 2008 and its identical behavior to that of the traditional stock
1127,Check out Elonspace  with a real usecase just 1 day old. Or safegalaxy today  almost 100% up
1128,Mister 'lets hype every coin there is' YOUTUBE
1129,"i bought moonfighters on pancakeswap, but i cant get it into my trustwallet. Can someone help me?"
1130,"ğŸ‡¿ğŸ‡¦ (South Africa) ğŸ’š(love) xrp ecosystem, hodling ğŸ’ªğŸ’ğŸ™Œ(strong diamond strong)"
1131,FIRST
